{
  "attempted_cases": 380,
  "processed_cases": 380,
  "skipped_cases": [],
  "by_stage": {
    "dai_landmark_similarity": {
      "cases": 380,
      "qc_pass": 0,
      "qc_pass_rate_pct": 0.0,
      "upside_down_count": 20,
      "mean_median": 0.15428754272470965,
      "mean_p90": 0.31485164608208815,
      "mean_nose_weighted_median": 0.17427330978520217,
      "mean_anchor": 0.4707042130142081,
      "mean_landmark_penalty": 0.3349328139043239
    },
    "dai_lb_adaptive_template": {
      "cases": 380,
      "qc_pass": 0,
      "qc_pass_rate_pct": 0.0,
      "upside_down_count": 8,
      "mean_median": 0.15534992262012448,
      "mean_p90": 0.3225230236610663,
      "mean_nose_weighted_median": 0.17546238355616284,
      "mean_anchor": 0.3845416703238429,
      "mean_landmark_penalty": 0.0017297484467397677
    }
  }
}
